<?xml version="1.0" encoding="UTF-8"?>
<project-private xmlns="http://www.netbeans.org/ns/project-private/1">
    <editor-bookmarks xmlns="http://www.netbeans.org/ns/editor-bookmarks/2" lastBookmarkId="0"/>
    <open-files xmlns="http://www.netbeans.org/ns/projectui-open-files/2">
        <group>
            <file>file:/C:/Users/Kostas/Documents/NetBeansProjects/Garage/src/garage/CustomerUpdater.java</file>
            <file>file:/C:/Users/Kostas/Documents/NetBeansProjects/Garage/src/garage/Secretary.java</file>
            <file>file:/C:/Users/Kostas/Documents/NetBeansProjects/Garage/src/garage/Sale.java</file>
            <file>file:/C:/Users/Kostas/Documents/NetBeansProjects/Garage/src/garage/Admin.java</file>
            <file>file:/C:/Users/Kostas/Documents/NetBeansProjects/Garage/src/garage/DB_Manager.java</file>
            <file>file:/C:/Users/Kostas/Documents/NetBeansProjects/Garage/src/garage/main.java</file>
            <file>file:/C:/Users/Kostas/Documents/NetBeansProjects/Garage/src/garage/Person.java</file>
            <file>file:/C:/Users/Kostas/Documents/NetBeansProjects/Garage/src/garage/Employee.java</file>
            <file>file:/C:/Users/Kostas/Documents/NetBeansProjects/Garage/src/garage/Technician.java</file>
            <file>file:/C:/Users/Kostas/Documents/NetBeansProjects/Garage/src/garage/Appointment.java</file>
            <file>file:/C:/Users/Kostas/Documents/NetBeansProjects/Garage/src/garage/Vehicle.java</file>
            <file>file:/C:/Users/Kostas/Documents/NetBeansProjects/Garage/src/garage/Garage.java</file>
            <file>file:/C:/Users/Kostas/Documents/NetBeansProjects/Garage/src/garage/Service.java</file>
            <file>file:/C:/Users/Kostas/Documents/NetBeansProjects/Garage/src/garage/Seller.java</file>
            <file>file:/C:/Users/Kostas/Documents/NetBeansProjects/Garage/src/garage/Customer.java</file>
        </group>
    </open-files>
</project-private>
